firstname,lastname,grade,Field Name
Brietta,Leffen,6,Brietta.Leffen@essca.eu
Dagmar,Horan,10,Dagmar.Horan@essca.eu
Loree,Mayeda,20,Loree.Mayeda@essca.eu
Rani,Lasley,13,Rani.Lasley@essca.eu
Rozele,Selway,3,Rozele.Selway@essca.eu
Calla,Ellerey,20,Calla.Ellerey@essca.eu
Dyann,Xerxes,17,Dyann.Xerxes@essca.eu
Kimmy,Tiffa,1,Kimmy.Tiffa@essca.eu
Ivett,Truc,11,Ivett.Truc@essca.eu
Cassondra,McCutcheon,19,Cassondra.McCutcheon@essca.eu
Jany,Schlosser,10,Jany.Schlosser@essca.eu
Nyssa,Primalia,10,Nyssa.Primalia@essca.eu
Chere,Morrill,10,Chere.Morrill@essca.eu
Benita,Stacy,14,Benita.Stacy@essca.eu
Dominga,Goerke,9,Dominga.Goerke@essca.eu
Hildegaard,McCutcheon,17,Hildegaard.McCutcheon@essca.eu
Regina,Sophronia,15,Regina.Sophronia@essca.eu
Livvyy,Clarissa,1,Livvyy.Clarissa@essca.eu
Sibella,Holtz,15,Sibella.Holtz@essca.eu
Cyndie,Henebry,17,Cyndie.Henebry@essca.eu
Allis,Abernon,14,Allis.Abernon@essca.eu
Vevay,Fosque,4,Vevay.Fosque@essca.eu
Kore,Clywd,6,Kore.Clywd@essca.eu
Corene,Aida,12,Corene.Aida@essca.eu
Babita,Pitt,8,Babita.Pitt@essca.eu
Dominga,Ezar,2,Dominga.Ezar@essca.eu
Clarice,Gamaliel,14,Clarice.Gamaliel@essca.eu
Estell,Alva,8,Estell.Alva@essca.eu
Melanie,Seessel,5,Melanie.Seessel@essca.eu
Wileen,Nicoline,18,Wileen.Nicoline@essca.eu
Ivett,Maisey,3,Ivett.Maisey@essca.eu
Caressa,Weitman,20,Caressa.Weitman@essca.eu
Jorry,Pascia,1,Jorry.Pascia@essca.eu
Belinda,Calhoun,1,Belinda.Calhoun@essca.eu
Corly,Meter,16,Corly.Meter@essca.eu
Estell,Skurnik,20,Estell.Skurnik@essca.eu
Jean,Henebry,10,Jean.Henebry@essca.eu
Gerrie,Joachim,14,Gerrie.Joachim@essca.eu
Elfreda,Hourigan,13,Elfreda.Hourigan@essca.eu
Doralynne,Annice,18,Doralynne.Annice@essca.eu
Leona,Dituri,16,Leona.Dituri@essca.eu
Demetris,Cassius,8,Demetris.Cassius@essca.eu
Hayley,Oriana,2,Hayley.Oriana@essca.eu
Ardeen,Sibyls,20,Ardeen.Sibyls@essca.eu
Hayley,Wiener,14,Hayley.Wiener@essca.eu
Henriette,Kermit,11,Henriette.Kermit@essca.eu
Libbie,Sherrie,19,Libbie.Sherrie@essca.eu
Daune,Stephie,12,Daune.Stephie@essca.eu
Marika,Nelsen,11,Marika.Nelsen@essca.eu
Romona,Jillane,14,Romona.Jillane@essca.eu
Jessy,Berard,1,Jessy.Berard@essca.eu
Jasmina,Sibyls,1,Jasmina.Sibyls@essca.eu
Maye,Reinke,11,Maye.Reinke@essca.eu
Melisent,Naor,20,Melisent.Naor@essca.eu
Stephanie,Fiester,19,Stephanie.Fiester@essca.eu
Lacie,Amand,2,Lacie.Amand@essca.eu
Layla,Alabaster,9,Layla.Alabaster@essca.eu
Alex,Ax,16,Alex.Ax@essca.eu
Sallie,Hazlett,14,Sallie.Hazlett@essca.eu
Fayre,Hachmin,15,Fayre.Hachmin@essca.eu
Jan,Gherardo,6,Jan.Gherardo@essca.eu
Cyb,Old,20,Cyb.Old@essca.eu
Isa,Malanie,8,Isa.Malanie@essca.eu
Mara,Kendrick,20,Mara.Kendrick@essca.eu
Evaleen,Ellerey,9,Evaleen.Ellerey@essca.eu
Sybille,Autrey,8,Sybille.Autrey@essca.eu
Barbara,Henrie,8,Barbara.Henrie@essca.eu
Dari,Corabella,10,Dari.Corabella@essca.eu
Karly,Dosia,2,Karly.Dosia@essca.eu
Dorice,Skurnik,4,Dorice.Skurnik@essca.eu
Valli,Destinee,4,Valli.Destinee@essca.eu
Chandra,Ciro,4,Chandra.Ciro@essca.eu
Kimmy,Strephon,11,Kimmy.Strephon@essca.eu
Carol-Jean,Raseda,1,Carol-Jean.Raseda@essca.eu
Julieta,Erb,10,Julieta.Erb@essca.eu
Sidoney,Dom,8,Sidoney.Dom@essca.eu
Courtnay,Weitman,13,Courtnay.Weitman@essca.eu
Tatiania,Ehrman,19,Tatiania.Ehrman@essca.eu
Rivalee,Halsey,5,Rivalee.Halsey@essca.eu
Nerta,Pettiford,17,Nerta.Pettiford@essca.eu
Joane,Moina,2,Joane.Moina@essca.eu
Caritta,Hashim,11,Caritta.Hashim@essca.eu
Shandie,Suzetta,9,Shandie.Suzetta@essca.eu
Elvira,Wyn,1,Elvira.Wyn@essca.eu
Verla,Greenwald,13,Verla.Greenwald@essca.eu
Jaclyn,Lipson,3,Jaclyn.Lipson@essca.eu
Christian,Suk,4,Christian.Suk@essca.eu
Almeta,Philipp,8,Almeta.Philipp@essca.eu
Tilly,Ogren,20,Tilly.Ogren@essca.eu
Madalyn,Kermit,2,Madalyn.Kermit@essca.eu
Silvana,Cleo,17,Silvana.Cleo@essca.eu
Jacquetta,Ovid,9,Jacquetta.Ovid@essca.eu
Gabi,Briney,15,Gabi.Briney@essca.eu
Leanna,Berriman,17,Leanna.Berriman@essca.eu
Elise,Alice,2,Elise.Alice@essca.eu
Giustina,Seessel,11,Giustina.Seessel@essca.eu
Ethel,Hailee,4,Ethel.Hailee@essca.eu
Benita,Chinua,2,Benita.Chinua@essca.eu
Asia,Magdalen,11,Asia.Magdalen@essca.eu
Benita,McCutcheon,11,Benita.McCutcheon@essca.eu
Angela,Chem,3,Angela.Chem@essca.eu
Yvonne,Lunsford,9,Yvonne.Lunsford@essca.eu
Aimil,Yuille,1,Aimil.Yuille@essca.eu
Zia,Stefa,8,Zia.Stefa@essca.eu
Kirbee,Kimmie,20,Kirbee.Kimmie@essca.eu
Leeanne,Fleeta,9,Leeanne.Fleeta@essca.eu
Talya,Rad,9,Talya.Rad@essca.eu
Carilyn,Wenoa,12,Carilyn.Wenoa@essca.eu
Misha,Ramona,4,Misha.Ramona@essca.eu
Dulcinea,Egbert,12,Dulcinea.Egbert@essca.eu
Felice,Bonilla,20,Felice.Bonilla@essca.eu
Orelia,Sasnett,1,Orelia.Sasnett@essca.eu
Ingrid,Jehu,8,Ingrid.Jehu@essca.eu
Berget,Leary,3,Berget.Leary@essca.eu
Cathie,Rozanna,20,Cathie.Rozanna@essca.eu
Juliane,Ruvolo,11,Juliane.Ruvolo@essca.eu
Perry,Hull,12,Perry.Hull@essca.eu
Karina,Rustice,3,Karina.Rustice@essca.eu
Chickie,Ehrman,3,Chickie.Ehrman@essca.eu
Collen,Zetta,12,Collen.Zetta@essca.eu
Fredericka,Gaal,17,Fredericka.Gaal@essca.eu
Dede,Hull,9,Dede.Hull@essca.eu
Eolanda,Vernier,1,Eolanda.Vernier@essca.eu
Steffane,Donoghue,15,Steffane.Donoghue@essca.eu
Aubrie,Vivle,17,Aubrie.Vivle@essca.eu
Luci,Ledah,13,Luci.Ledah@essca.eu
Gaylene,Kronfeld,12,Gaylene.Kronfeld@essca.eu
Anestassia,Saree,14,Anestassia.Saree@essca.eu
Laure,Edmund,6,Laure.Edmund@essca.eu
Meriel,Libna,8,Meriel.Libna@essca.eu
Larine,Jorgan,19,Larine.Jorgan@essca.eu
Viki,Land,15,Viki.Land@essca.eu
Inga,Herrera,2,Inga.Herrera@essca.eu
Jorry,Autrey,1,Jorry.Autrey@essca.eu
Lorenza,Nunci,12,Lorenza.Nunci@essca.eu
Dode,Delila,17,Dode.Delila@essca.eu
Gusty,Edison,16,Gusty.Edison@essca.eu
Blondelle,Shanley,11,Blondelle.Shanley@essca.eu
Nessie,Hashim,13,Nessie.Hashim@essca.eu
Lory,Marijo,5,Lory.Marijo@essca.eu
Lorne,Ade,11,Lorne.Ade@essca.eu
Robinia,Kare,19,Robinia.Kare@essca.eu
Lynde,Warthman,10,Lynde.Warthman@essca.eu
Flo,Stav,5,Flo.Stav@essca.eu
Nadine,Joli,20,Nadine.Joli@essca.eu
Lauryn,Nore,6,Lauryn.Nore@essca.eu
Robbi,Isidore,5,Robbi.Isidore@essca.eu
Candy,Creamer,19,Candy.Creamer@essca.eu
Lila,Mendez,12,Lila.Mendez@essca.eu
Melanie,Rolf,3,Melanie.Rolf@essca.eu
Gretal,Winthorpe,6,Gretal.Winthorpe@essca.eu
Ardenia,Elisha,4,Ardenia.Elisha@essca.eu
Constance,Morgun,12,Constance.Morgun@essca.eu
Siana,Bohlin,6,Siana.Bohlin@essca.eu
Millie,Medrek,5,Millie.Medrek@essca.eu
Florie,Plato,13,Florie.Plato@essca.eu
Lusa,Sundin,18,Lusa.Sundin@essca.eu
Tiffie,Secrest,7,Tiffie.Secrest@essca.eu
Dagmar,Shuler,6,Dagmar.Shuler@essca.eu
Demetris,Schroth,1,Demetris.Schroth@essca.eu
Marti,Weaks,13,Marti.Weaks@essca.eu
Ilse,Dunkin,17,Ilse.Dunkin@essca.eu
Barbara,Parsaye,16,Barbara.Parsaye@essca.eu
Annecorinne,Haldas,4,Annecorinne.Haldas@essca.eu
Kate,Read,9,Kate.Read@essca.eu
Jordan,Joseph,4,Jordan.Joseph@essca.eu
Jean,Jehu,15,Jean.Jehu@essca.eu
Olivette,Jary,17,Olivette.Jary@essca.eu
Paola,Ethban,8,Paola.Ethban@essca.eu
Annora,Danby,18,Annora.Danby@essca.eu
Libbie,Meli,10,Libbie.Meli@essca.eu
June,Rosemary,12,June.Rosemary@essca.eu
Estell,Burkle,3,Estell.Burkle@essca.eu
Frances,Khorma,6,Frances.Khorma@essca.eu
Doro,Chem,19,Doro.Chem@essca.eu
Myriam,Alcott,17,Myriam.Alcott@essca.eu
Constance,Konyn,7,Constance.Konyn@essca.eu
Debee,Adamsen,4,Debee.Adamsen@essca.eu
Cecile,Muriel,10,Cecile.Muriel@essca.eu
Leontine,Atonsah,6,Leontine.Atonsah@essca.eu
Maisey,Hewitt,10,Maisey.Hewitt@essca.eu
Kamilah,Henebry,8,Kamilah.Henebry@essca.eu
Lorie,Berriman,3,Lorie.Berriman@essca.eu
Blondelle,Grayce,8,Blondelle.Grayce@essca.eu
Brianna,Dalli,6,Brianna.Dalli@essca.eu
Genevra,Hourigan,15,Genevra.Hourigan@essca.eu
Belva,Malina,11,Belva.Malina@essca.eu
Renie,Willie,1,Renie.Willie@essca.eu
Steffane,Adalbert,17,Steffane.Adalbert@essca.eu
Neila,Gilbertson,15,Neila.Gilbertson@essca.eu
Trudie,Amethist,9,Trudie.Amethist@essca.eu
Brianna,Salchunas,7,Brianna.Salchunas@essca.eu
Veda,Morehouse,4,Veda.Morehouse@essca.eu
Tilly,Forrer,3,Tilly.Forrer@essca.eu
Shauna,Abram,2,Shauna.Abram@essca.eu
Sissy,Randene,16,Sissy.Randene@essca.eu
Jacquetta,Naor,12,Jacquetta.Naor@essca.eu
Brena,Bendick,1,Brena.Bendick@essca.eu
Georgina,Pitt,13,Georgina.Pitt@essca.eu
Paola,Anderea,5,Paola.Anderea@essca.eu
Ethel,Longfellow,6,Ethel.Longfellow@essca.eu
Ann-Marie,Ioab,8,Ann-Marie.Ioab@essca.eu
Marcy,Leifeste,11,Marcy.Leifeste@essca.eu
Max,Cassius,12,Max.Cassius@essca.eu
Lindie,Goerke,19,Lindie.Goerke@essca.eu
Gisela,Blake,8,Gisela.Blake@essca.eu
Sheelagh,Jenness,14,Sheelagh.Jenness@essca.eu
Gratia,Gavrila,2,Gratia.Gavrila@essca.eu
Lynde,Girardo,20,Lynde.Girardo@essca.eu
Ulrike,Baptlsta,5,Ulrike.Baptlsta@essca.eu
Glenda,Zina,15,Glenda.Zina@essca.eu
Petronia,Ciro,19,Petronia.Ciro@essca.eu
Sharai,Stoller,8,Sharai.Stoller@essca.eu
Ermengarde,My,12,Ermengarde.My@essca.eu
Katleen,Mich,10,Katleen.Mich@essca.eu
Rhea,Elvyn,4,Rhea.Elvyn@essca.eu
Frances,Plato,7,Frances.Plato@essca.eu
Benita,Giff,11,Benita.Giff@essca.eu
Neila,Payson,15,Neila.Payson@essca.eu
Elsie,Hunfredo,20,Elsie.Hunfredo@essca.eu
Bertine,Fredi,9,Bertine.Fredi@essca.eu
Cassandra,Faro,10,Cassandra.Faro@essca.eu
Ann-Marie,Cottle,10,Ann-Marie.Cottle@essca.eu
Kary,Nicoline,18,Kary.Nicoline@essca.eu
Gui,Thunell,17,Gui.Thunell@essca.eu
Madeleine,Ochs,18,Madeleine.Ochs@essca.eu
Ursulina,Remmer,10,Ursulina.Remmer@essca.eu
Antonietta,Nerita,19,Antonietta.Nerita@essca.eu
Mamie,Kat,5,Mamie.Kat@essca.eu
Larine,Allina,4,Larine.Allina@essca.eu
Sindee,Vanni,18,Sindee.Vanni@essca.eu
Mamie,Goerke,20,Mamie.Goerke@essca.eu
Berta,Ashok,6,Berta.Ashok@essca.eu
Sherrie,Hamil,13,Sherrie.Hamil@essca.eu
Dorene,Mayeda,19,Dorene.Mayeda@essca.eu
Kaia,Neva,14,Kaia.Neva@essca.eu
Regina,Merell,15,Regina.Merell@essca.eu
Zsa Zsa,Jalbert,10,Zsa Zsa.Jalbert@essca.eu
Genevra,Tjon,17,Genevra.Tjon@essca.eu
Meghann,Toffic,2,Meghann.Toffic@essca.eu
Meg,Sheedy,5,Meg.Sheedy@essca.eu
Hope,Means,14,Hope.Means@essca.eu
Britte,Eachern,11,Britte.Eachern@essca.eu
Demetris,Nerita,2,Demetris.Nerita@essca.eu
Dale,Blase,14,Dale.Blase@essca.eu
Cindelyn,Sancho,6,Cindelyn.Sancho@essca.eu
Minne,Vittoria,14,Minne.Vittoria@essca.eu
Adelle,LaRue,19,Adelle.LaRue@essca.eu
Oona,Lipson,9,Oona.Lipson@essca.eu
Isa,Connelly,3,Isa.Connelly@essca.eu
Merle,Auberbach,4,Merle.Auberbach@essca.eu
Kirstin,Vanni,17,Kirstin.Vanni@essca.eu
Jerry,Brieta,20,Jerry.Brieta@essca.eu
Lisette,Serilda,17,Lisette.Serilda@essca.eu
Debee,Edee,1,Debee.Edee@essca.eu
Etta,Alejoa,16,Etta.Alejoa@essca.eu
Kirbee,Buffum,2,Kirbee.Buffum@essca.eu
Kristan,Lail,1,Kristan.Lail@essca.eu
Atlanta,Himelman,19,Atlanta.Himelman@essca.eu
Ida,Rillings,13,Ida.Rillings@essca.eu
Teddie,Sidonius,18,Teddie.Sidonius@essca.eu
Olwen,Creamer,3,Olwen.Creamer@essca.eu
Charissa,Leopold,14,Charissa.Leopold@essca.eu
Aaren,Sammons,1,Aaren.Sammons@essca.eu
Tori,Zina,17,Tori.Zina@essca.eu
Petronia,Ariella,7,Petronia.Ariella@essca.eu
Zaria,Millda,18,Zaria.Millda@essca.eu
Deane,Teryn,7,Deane.Teryn@essca.eu
Dominga,Firmin,8,Dominga.Firmin@essca.eu
Beatriz,Naashom,9,Beatriz.Naashom@essca.eu
Livvyy,Shaver,6,Livvyy.Shaver@essca.eu
Elora,Mitzi,16,Elora.Mitzi@essca.eu
Sharlene,Philoo,13,Sharlene.Philoo@essca.eu
Berget,Darbie,9,Berget.Darbie@essca.eu
Trudie,Ashok,9,Trudie.Ashok@essca.eu
Tersina,Palocz,11,Tersina.Palocz@essca.eu
Queenie,Radu,20,Queenie.Radu@essca.eu
Gaylene,Faso,15,Gaylene.Faso@essca.eu
Georgetta,Fink,8,Georgetta.Fink@essca.eu
Michaelina,Pozzy,5,Michaelina.Pozzy@essca.eu
Raquela,Noman,19,Raquela.Noman@essca.eu
Kary,Goldina,4,Kary.Goldina@essca.eu
Selia,Karna,12,Selia.Karna@essca.eu
Jenda,O'Neill,10,Jenda.O'Neill@essca.eu
Rori,Willie,12,Rori.Willie@essca.eu
Aeriela,Chandler,15,Aeriela.Chandler@essca.eu
Kathy,Kosey,17,Kathy.Kosey@essca.eu
Magdalena,Ogren,20,Magdalena.Ogren@essca.eu
Vivia,Land,20,Vivia.Land@essca.eu
Fidelia,Engdahl,14,Fidelia.Engdahl@essca.eu
Romona,Grosz,13,Romona.Grosz@essca.eu
Jasmina,Morgun,7,Jasmina.Morgun@essca.eu
Caressa,Dudley,16,Caressa.Dudley@essca.eu
Shaylyn,Hailee,2,Shaylyn.Hailee@essca.eu
Roberta,Martsen,14,Roberta.Martsen@essca.eu
Ellette,Braun,20,Ellette.Braun@essca.eu
Tressa,Mitzi,19,Tressa.Mitzi@essca.eu
Emmey,Marden,18,Emmey.Marden@essca.eu
Flo,Manolo,20,Flo.Manolo@essca.eu
Lorne,Armanda,10,Lorne.Armanda@essca.eu
Myrtice,Kat,7,Myrtice.Kat@essca.eu
Juliane,Christal,17,Juliane.Christal@essca.eu
Lusa,Faust,1,Lusa.Faust@essca.eu
Hyacinthe,Katrine,2,Hyacinthe.Katrine@essca.eu
Jessamyn,Christine,10,Jessamyn.Christine@essca.eu
Ashlee,Tacye,16,Ashlee.Tacye@essca.eu
Ethel,Michella,2,Ethel.Michella@essca.eu
Karolina,McAdams,3,Karolina.McAdams@essca.eu
Clary,Kussell,19,Clary.Kussell@essca.eu
Jean,Sisile,16,Jean.Sisile@essca.eu
Carilyn,Obed,9,Carilyn.Obed@essca.eu
Albertina,Beebe,17,Albertina.Beebe@essca.eu
Cathie,Shelba,1,Cathie.Shelba@essca.eu
Rosabelle,Xerxes,13,Rosabelle.Xerxes@essca.eu
Rosaline,Nikaniki,12,Rosaline.Nikaniki@essca.eu
Viviene,Jess,3,Viviene.Jess@essca.eu
Delilah,Carmena,15,Delilah.Carmena@essca.eu
Wileen,Winnick,8,Wileen.Winnick@essca.eu
Mallory,Bergman,19,Mallory.Bergman@essca.eu
Konstance,Kaete,4,Konstance.Kaete@essca.eu
Ayn,Martsen,1,Ayn.Martsen@essca.eu
Cristine,Maribeth,16,Cristine.Maribeth@essca.eu
Gabriellia,Prouty,12,Gabriellia.Prouty@essca.eu
Ruthe,Bonilla,4,Ruthe.Bonilla@essca.eu
Annora,Durware,17,Annora.Durware@essca.eu
Nonnah,Carlson,19,Nonnah.Carlson@essca.eu
Evaleen,Joeann,19,Evaleen.Joeann@essca.eu
Brynna,Codding,7,Brynna.Codding@essca.eu
Maye,Blake,11,Maye.Blake@essca.eu
Taffy,Taima,19,Taffy.Taima@essca.eu
Florencia,Ricarda,19,Florencia.Ricarda@essca.eu
Morganica,Nance,16,Morganica.Nance@essca.eu
Isa,Bultman,4,Isa.Bultman@essca.eu
Sonni,Kronfeld,11,Sonni.Kronfeld@essca.eu
Jsandye,Woodberry,1,Jsandye.Woodberry@essca.eu
Justinn,Tengdin,10,Justinn.Tengdin@essca.eu
Joane,Loeb,14,Joane.Loeb@essca.eu
Mady,Camden,10,Mady.Camden@essca.eu
Marita,Allina,18,Marita.Allina@essca.eu
Edyth,Sawtelle,11,Edyth.Sawtelle@essca.eu
Magdalena,Tippets,6,Magdalena.Tippets@essca.eu
Misha,Shields,11,Misha.Shields@essca.eu
Leanna,Shuler,5,Leanna.Shuler@essca.eu
Kenna,Tacye,7,Kenna.Tacye@essca.eu
Amalie,McGrody,18,Amalie.McGrody@essca.eu
Corry,Henebry,20,Corry.Henebry@essca.eu
Gratia,Martguerita,6,Gratia.Martguerita@essca.eu
Ingrid,Hertzfeld,16,Ingrid.Hertzfeld@essca.eu
Jany,Blisse,13,Jany.Blisse@essca.eu
Gretal,Niccolo,13,Gretal.Niccolo@essca.eu
Marjie,Tryck,20,Marjie.Tryck@essca.eu
Gianina,Earlie,18,Gianina.Earlie@essca.eu
Winny,Lissi,5,Winny.Lissi@essca.eu
Tori,McCutcheon,9,Tori.McCutcheon@essca.eu
Petronia,Arley,15,Petronia.Arley@essca.eu
Justinn,Goerke,11,Justinn.Goerke@essca.eu
Vita,Belldas,9,Vita.Belldas@essca.eu
Jordan,Cullin,1,Jordan.Cullin@essca.eu
Lila,Danby,3,Lila.Danby@essca.eu
Paulita,Peg,18,Paulita.Peg@essca.eu
Odessa,Raul,20,Odessa.Raul@essca.eu
Perry,Zrike,12,Perry.Zrike@essca.eu
Gerianna,Darrell,18,Gerianna.Darrell@essca.eu
Jillayne,Truc,8,Jillayne.Truc@essca.eu
Dominga,Kendrick,18,Dominga.Kendrick@essca.eu
Fanchon,Liva,19,Fanchon.Liva@essca.eu
Clementine,Sacken,2,Clementine.Sacken@essca.eu
Aili,Sinegold,18,Aili.Sinegold@essca.eu
Kellen,Ingra,2,Kellen.Ingra@essca.eu
Barbara,Weinreb,15,Barbara.Weinreb@essca.eu
Renae,Parette,17,Renae.Parette@essca.eu
Winifred,Ralfston,10,Winifred.Ralfston@essca.eu
Etta,Muriel,7,Etta.Muriel@essca.eu
Leanna,Erminia,11,Leanna.Erminia@essca.eu
Clary,Clara,13,Clary.Clara@essca.eu
Karolina,Idelia,12,Karolina.Idelia@essca.eu
Linzy,Ajay,20,Linzy.Ajay@essca.eu
Albertina,Adlare,15,Albertina.Adlare@essca.eu
Arlena,Decato,3,Arlena.Decato@essca.eu
Theodora,Mintz,9,Theodora.Mintz@essca.eu
Kimmy,Juan,13,Kimmy.Juan@essca.eu
Sarette,Quent,5,Sarette.Quent@essca.eu
Sonni,Guthrie,11,Sonni.Guthrie@essca.eu
Celisse,Rona,15,Celisse.Rona@essca.eu
Ebonee,Billye,9,Ebonee.Billye@essca.eu
Rhoda,Llovera,11,Rhoda.Llovera@essca.eu
Melodie,Shaver,20,Melodie.Shaver@essca.eu
Michaelina,Ruvolo,14,Michaelina.Ruvolo@essca.eu
Shandie,Lanita,10,Shandie.Lanita@essca.eu
Valli,Destinee,6,Valli.Destinee@essca.eu
Zsa Zsa,Berriman,18,Zsa Zsa.Berriman@essca.eu
Minne,Brackely,9,Minne.Brackely@essca.eu
Joelly,Dannye,5,Joelly.Dannye@essca.eu
Emelina,Codding,10,Emelina.Codding@essca.eu
Sarette,Melony,20,Sarette.Melony@essca.eu
Adele,Irmine,20,Adele.Irmine@essca.eu
Selia,Grayce,19,Selia.Grayce@essca.eu
Dorthy,Oriana,1,Dorthy.Oriana@essca.eu
Marita,Rurik,13,Marita.Rurik@essca.eu
Peri,Helfand,15,Peri.Helfand@essca.eu
Kalina,Croix,13,Kalina.Croix@essca.eu
Jinny,Gillan,8,Jinny.Gillan@essca.eu
Norine,Pozzy,18,Norine.Pozzy@essca.eu
Dari,Boycey,7,Dari.Boycey@essca.eu
Britte,Leler,14,Britte.Leler@essca.eu
Mellicent,Erminia,19,Mellicent.Erminia@essca.eu
Debee,Swanhildas,2,Debee.Swanhildas@essca.eu
Arabel,Ledah,8,Arabel.Ledah@essca.eu
Sherrie,Ricarda,18,Sherrie.Ricarda@essca.eu
Dagmar,Greenwald,20,Dagmar.Greenwald@essca.eu
Jan,Beniamino,19,Jan.Beniamino@essca.eu
Demetris,Clara,20,Demetris.Clara@essca.eu
Coral,Pillsbury,12,Coral.Pillsbury@essca.eu
Mary,Kirbee,7,Mary.Kirbee@essca.eu
Valeda,Edison,11,Valeda.Edison@essca.eu
Raquela,Stefa,18,Raquela.Stefa@essca.eu
Shaine,Podvin,1,Shaine.Podvin@essca.eu
Renie,Brackely,3,Renie.Brackely@essca.eu
Chandra,Montgomery,8,Chandra.Montgomery@essca.eu
Mallory,Shirberg,15,Mallory.Shirberg@essca.eu
Maurene,Tound,6,Maurene.Tound@essca.eu
Rosanne,Destinee,10,Rosanne.Destinee@essca.eu
Bibby,Darbie,5,Bibby.Darbie@essca.eu
Kirbee,Jammal,17,Kirbee.Jammal@essca.eu
Constance,Shirberg,16,Constance.Shirberg@essca.eu
Kellen,Fabiola,5,Kellen.Fabiola@essca.eu
Sashenka,Land,5,Sashenka.Land@essca.eu
Clarice,Hanleigh,5,Clarice.Hanleigh@essca.eu
Mildrid,Ramona,1,Mildrid.Ramona@essca.eu
Gerianna,Fiester,3,Gerianna.Fiester@essca.eu
Lilith,Auberbach,6,Lilith.Auberbach@essca.eu
Ezmeralda,Marden,16,Ezmeralda.Marden@essca.eu
Cacilie,Boehike,14,Cacilie.Boehike@essca.eu
Tabbatha,Salchunas,4,Tabbatha.Salchunas@essca.eu
Fredericka,Mike,8,Fredericka.Mike@essca.eu
Cathyleen,Vernier,14,Cathyleen.Vernier@essca.eu
Aaren,LaRue,16,Aaren.LaRue@essca.eu
Mathilda,Hoenack,15,Mathilda.Hoenack@essca.eu
Lita,Ax,17,Lita.Ax@essca.eu
Belva,Christine,13,Belva.Christine@essca.eu
Rebeca,Tound,17,Rebeca.Tound@essca.eu
Ginnie,Larochelle,4,Ginnie.Larochelle@essca.eu
Micheline,Flyn,6,Micheline.Flyn@essca.eu
Hermione,Screens,12,Hermione.Screens@essca.eu
Lory,Gower,16,Lory.Gower@essca.eu
Frank,Old,20,Frank.Old@essca.eu
Constance,Wilona,10,Constance.Wilona@essca.eu
Selma,Hull,3,Selma.Hull@essca.eu
Merrie,Pelagias,5,Merrie.Pelagias@essca.eu
Linzy,Imelida,2,Linzy.Imelida@essca.eu
Selia,Kesley,12,Selia.Kesley@essca.eu
Susan,Rillings,20,Susan.Rillings@essca.eu
Cherilyn,Adore,13,Cherilyn.Adore@essca.eu
Alleen,O'Neill,4,Alleen.O'Neill@essca.eu
Sheelagh,Bury,10,Sheelagh.Bury@essca.eu
Marinna,Paton,11,Marinna.Paton@essca.eu
Madalyn,Allina,8,Madalyn.Allina@essca.eu
Millie,Ehrman,15,Millie.Ehrman@essca.eu
Glynnis,Melony,7,Glynnis.Melony@essca.eu
Cindelyn,Aldric,16,Cindelyn.Aldric@essca.eu
Lorie,Yoko,16,Lorie.Yoko@essca.eu
Ericka,Egbert,7,Ericka.Egbert@essca.eu
Alyda,Phaidra,19,Alyda.Phaidra@essca.eu
Gwenneth,Bertold,4,Gwenneth.Bertold@essca.eu
Sue,Secrest,13,Sue.Secrest@essca.eu
Eugine,Tybald,3,Eugine.Tybald@essca.eu
Amii,Halla,10,Amii.Halla@essca.eu
Neila,Land,15,Neila.Land@essca.eu
Fredericka,Kesley,3,Fredericka.Kesley@essca.eu
Lorenza,Gwenore,12,Lorenza.Gwenore@essca.eu
Anica,Sammons,13,Anica.Sammons@essca.eu
Mireielle,Regan,14,Mireielle.Regan@essca.eu
Wileen,Rozanna,2,Wileen.Rozanna@essca.eu
Karena,Cavan,5,Karena.Cavan@essca.eu
Felice,Nelsen,7,Felice.Nelsen@essca.eu
Keelia,Ovid,13,Keelia.Ovid@essca.eu
Jere,Berl,4,Jere.Berl@essca.eu
Mignon,Standing,14,Mignon.Standing@essca.eu
Suzette,Hedve,8,Suzette.Hedve@essca.eu
Adore,Hashim,8,Adore.Hashim@essca.eu
Aili,Kalinda,15,Aili.Kalinda@essca.eu
Lily,Trinetta,15,Lily.Trinetta@essca.eu
Daryl,Aaberg,2,Daryl.Aaberg@essca.eu
Konstance,Cosenza,9,Konstance.Cosenza@essca.eu
Margarette,Odell,20,Margarette.Odell@essca.eu
Kaia,McGrody,8,Kaia.McGrody@essca.eu
Glynnis,Joseph,7,Glynnis.Joseph@essca.eu
Theodora,Monk,8,Theodora.Monk@essca.eu
Cherilyn,Kalinda,2,Cherilyn.Kalinda@essca.eu
Tabbatha,Lea,20,Tabbatha.Lea@essca.eu
Rozele,Niles,1,Rozele.Niles@essca.eu
Lilith,Halla,6,Lilith.Halla@essca.eu
Clarice,Mendez,6,Clarice.Mendez@essca.eu
Mignon,Shields,15,Mignon.Shields@essca.eu
Chandra,Simmonds,12,Chandra.Simmonds@essca.eu
Jere,Melan,4,Jere.Melan@essca.eu
Pearline,Briney,15,Pearline.Briney@essca.eu
Mahalia,Anderea,1,Mahalia.Anderea@essca.eu
Jennica,Emerson,7,Jennica.Emerson@essca.eu
Malina,Hylan,13,Malina.Hylan@essca.eu
Tani,Colbert,6,Tani.Colbert@essca.eu
Clo,Georgy,14,Clo.Georgy@essca.eu
Bertine,Marijo,4,Bertine.Marijo@essca.eu
Lucy,Brenn,1,Lucy.Brenn@essca.eu
Rhea,Birdella,12,Rhea.Birdella@essca.eu
Roxane,Leonard,13,Roxane.Leonard@essca.eu
Mureil,Hashim,16,Mureil.Hashim@essca.eu
Brianna,Thema,17,Brianna.Thema@essca.eu
Vivia,Norrie,18,Vivia.Norrie@essca.eu
Gilda,Rozanna,9,Gilda.Rozanna@essca.eu
Celestyna,Gamaliel,2,Celestyna.Gamaliel@essca.eu
Justinn,Donoghue,19,Justinn.Donoghue@essca.eu
Estell,Septima,9,Estell.Septima@essca.eu
Cathie,Gino,12,Cathie.Gino@essca.eu
Di,Liebermann,13,Di.Liebermann@essca.eu
Berta,Germann,10,Berta.Germann@essca.eu
Adriana,Sheng,18,Adriana.Sheng@essca.eu
Sheree,Wooster,8,Sheree.Wooster@essca.eu
Rori,Drus,17,Rori.Drus@essca.eu
Teddie,Lorenz,16,Teddie.Lorenz@essca.eu
Lucille,Adrienne,20,Lucille.Adrienne@essca.eu
Kenna,Fry,5,Kenna.Fry@essca.eu
Ninnetta,Alarise,8,Ninnetta.Alarise@essca.eu
Dennie,Teddman,19,Dennie.Teddman@essca.eu
Meghann,Lindemann,17,Meghann.Lindemann@essca.eu
Taffy,Ethban,20,Taffy.Ethban@essca.eu
Rebeca,Forrer,19,Rebeca.Forrer@essca.eu
Zsa Zsa,Calhoun,17,Zsa Zsa.Calhoun@essca.eu
Ingrid,Herrera,15,Ingrid.Herrera@essca.eu
Catrina,Lumbard,15,Catrina.Lumbard@essca.eu
Ottilie,Vorster,6,Ottilie.Vorster@essca.eu
Willetta,Santoro,9,Willetta.Santoro@essca.eu
Steffane,Helfand,15,Steffane.Helfand@essca.eu
Alyssa,Bronk,13,Alyssa.Bronk@essca.eu
Blinni,Clywd,13,Blinni.Clywd@essca.eu
Aili,Slifka,14,Aili.Slifka@essca.eu
Marline,Valoniah,14,Marline.Valoniah@essca.eu
Nadine,MacIntosh,19,Nadine.MacIntosh@essca.eu
Paola,Old,13,Paola.Old@essca.eu
Peri,Rheingold,5,Peri.Rheingold@essca.eu
Perry,Carmena,15,Perry.Carmena@essca.eu
Anica,Anselmi,17,Anica.Anselmi@essca.eu
Dagmar,Laurianne,4,Dagmar.Laurianne@essca.eu
Blondelle,Karna,11,Blondelle.Karna@essca.eu
Jaclyn,Desai,9,Jaclyn.Desai@essca.eu
Kalina,Plato,10,Kalina.Plato@essca.eu
Lesly,Fiester,14,Lesly.Fiester@essca.eu
Tina,Carri,8,Tina.Carri@essca.eu
Hettie,Infield,19,Hettie.Infield@essca.eu
Oralee,Helfand,8,Oralee.Helfand@essca.eu
Hettie,Rese,15,Hettie.Rese@essca.eu
Alie,Riordan,4,Alie.Riordan@essca.eu
Aryn,Mathilde,8,Aryn.Mathilde@essca.eu
Nollie,Torray,2,Nollie.Torray@essca.eu
Belva,Lubin,13,Belva.Lubin@essca.eu
Inga,Jagir,7,Inga.Jagir@essca.eu
Nariko,Tremayne,13,Nariko.Tremayne@essca.eu
Gratia,Zola,17,Gratia.Zola@essca.eu
Imojean,Evangelia,3,Imojean.Evangelia@essca.eu
Gaylene,Tremayne,9,Gaylene.Tremayne@essca.eu
Linzy,Toor,5,Linzy.Toor@essca.eu
Brana,Celestine,8,Brana.Celestine@essca.eu
Emylee,Koehler,2,Emylee.Koehler@essca.eu
Basia,Elisha,20,Basia.Elisha@essca.eu
Robbi,Ivens,20,Robbi.Ivens@essca.eu
Paulita,Jotham,16,Paulita.Jotham@essca.eu
Chrystel,Mintz,12,Chrystel.Mintz@essca.eu
Ivett,Fleeta,16,Ivett.Fleeta@essca.eu
Robbi,Ashok,7,Robbi.Ashok@essca.eu
Alyda,Duwalt,2,Alyda.Duwalt@essca.eu
Gabriellia,Hermes,6,Gabriellia.Hermes@essca.eu
Teddie,Ehrman,10,Teddie.Ehrman@essca.eu
Gaylene,Dielu,14,Gaylene.Dielu@essca.eu
Mildrid,Redmond,2,Mildrid.Redmond@essca.eu
Corry,Letsou,14,Corry.Letsou@essca.eu
Jan,Montgomery,10,Jan.Montgomery@essca.eu
Dominga,Lane,14,Dominga.Lane@essca.eu
Darci,Dowski,9,Darci.Dowski@essca.eu
Corly,Center,2,Corly.Center@essca.eu
Jany,Pandolfi,8,Jany.Pandolfi@essca.eu
Libbie,Francene,7,Libbie.Francene@essca.eu
Kirstin,Pernick,1,Kirstin.Pernick@essca.eu
Grier,Letsou,9,Grier.Letsou@essca.eu
Stephanie,Elo,14,Stephanie.Elo@essca.eu
Robinia,Brunell,5,Robinia.Brunell@essca.eu
Sashenka,Beniamino,1,Sashenka.Beniamino@essca.eu
Maryellen,Joni,20,Maryellen.Joni@essca.eu
Diena,Joli,17,Diena.Joli@essca.eu
Louella,Schwejda,7,Louella.Schwejda@essca.eu
Althea,Moseley,16,Althea.Moseley@essca.eu
Mignon,Agle,18,Mignon.Agle@essca.eu
Alex,Poppy,14,Alex.Poppy@essca.eu
Kassey,Septima,16,Kassey.Septima@essca.eu
Romona,Nester,3,Romona.Nester@essca.eu
Paola,Ochs,17,Paola.Ochs@essca.eu
Veda,Plato,16,Veda.Plato@essca.eu
Vonny,Joli,2,Vonny.Joli@essca.eu
Clary,Holtz,11,Clary.Holtz@essca.eu
Alisha,Latini,4,Alisha.Latini@essca.eu
Susan,Poll,17,Susan.Poll@essca.eu
Kara-Lynn,Skurnik,20,Kara-Lynn.Skurnik@essca.eu
Rosabelle,Rebecka,1,Rosabelle.Rebecka@essca.eu
Rosanne,Belldas,18,Rosanne.Belldas@essca.eu
Hallie,Hoenack,4,Hallie.Hoenack@essca.eu
Daune,Latini,19,Daune.Latini@essca.eu
Lorne,Even,20,Lorne.Even@essca.eu
Edee,Jethro,8,Edee.Jethro@essca.eu
Riannon,Bonilla,2,Riannon.Bonilla@essca.eu
Lelah,Solitta,4,Lelah.Solitta@essca.eu
Tarra,Margarete,10,Tarra.Margarete@essca.eu
Nyssa,Maribeth,8,Nyssa.Maribeth@essca.eu
Lucille,Libna,11,Lucille.Libna@essca.eu
Courtnay,Braun,10,Courtnay.Braun@essca.eu
Tabbatha,Sasnett,3,Tabbatha.Sasnett@essca.eu
Raquela,Bronk,3,Raquela.Bronk@essca.eu
Isa,Burch,14,Isa.Burch@essca.eu
Elyssa,Rocray,16,Elyssa.Rocray@essca.eu
Kate,Septima,5,Kate.Septima@essca.eu
Philis,McCutcheon,5,Philis.McCutcheon@essca.eu
Lorie,Zetta,19,Lorie.Zetta@essca.eu
Rozele,Lynn,7,Rozele.Lynn@essca.eu
Flo,Gillan,10,Flo.Gillan@essca.eu
Marti,Pacorro,20,Marti.Pacorro@essca.eu
Kimberley,Pacorro,18,Kimberley.Pacorro@essca.eu
Starla,Sandye,20,Starla.Sandye@essca.eu
Sharai,Phaidra,14,Sharai.Phaidra@essca.eu
Gaylene,Gaspard,20,Gaylene.Gaspard@essca.eu
Sue,Rodmann,5,Sue.Rodmann@essca.eu
Brietta,Sigfrid,8,Brietta.Sigfrid@essca.eu
Isa,Codding,6,Isa.Codding@essca.eu
Madelle,Stover,15,Madelle.Stover@essca.eu
Lily,Parette,16,Lily.Parette@essca.eu
Pamella,Marijo,5,Pamella.Marijo@essca.eu
Brana,Ries,5,Brana.Ries@essca.eu
Adelle,Tremayne,20,Adelle.Tremayne@essca.eu
Mariele,Alarise,12,Mariele.Alarise@essca.eu
Darci,Shuler,5,Darci.Shuler@essca.eu
Corene,Bow,4,Corene.Bow@essca.eu
Tera,Milde,17,Tera.Milde@essca.eu
Leona,Gaulin,10,Leona.Gaulin@essca.eu
Dacia,Rona,8,Dacia.Rona@essca.eu
Addia,Irmine,8,Addia.Irmine@essca.eu
Elie,Macey,3,Elie.Macey@essca.eu
Grier,Christine,7,Grier.Christine@essca.eu
Jean,Wind,4,Jean.Wind@essca.eu
Frank,Bashemeth,15,Frank.Bashemeth@essca.eu
Dorice,Armanda,2,Dorice.Armanda@essca.eu
Molli,Turne,1,Molli.Turne@essca.eu
Elyssa,Modie,8,Elyssa.Modie@essca.eu
Janeczka,Raama,11,Janeczka.Raama@essca.eu
Kelly,Cynar,4,Kelly.Cynar@essca.eu
Kary,Gert,16,Kary.Gert@essca.eu
Lucy,Radu,17,Lucy.Radu@essca.eu
Arlena,Garrison,19,Arlena.Garrison@essca.eu
Vonny,O'Rourke,6,Vonny.O'Rourke@essca.eu
Tressa,Pauly,16,Tressa.Pauly@essca.eu
Tamqrah,Egbert,9,Tamqrah.Egbert@essca.eu
Bee,Fosque,16,Bee.Fosque@essca.eu
Bobbi,Isidore,14,Bobbi.Isidore@essca.eu
Kittie,Malanie,4,Kittie.Malanie@essca.eu
Caryl,Kendrick,12,Caryl.Kendrick@essca.eu
Nikki,Center,18,Nikki.Center@essca.eu
Gwenneth,Erskine,16,Gwenneth.Erskine@essca.eu
Romona,Rosalba,1,Romona.Rosalba@essca.eu
Constance,Anton,11,Constance.Anton@essca.eu
Sophia,Malanie,4,Sophia.Malanie@essca.eu
Ofilia,Isacco,7,Ofilia.Isacco@essca.eu
Sharlene,Harday,19,Sharlene.Harday@essca.eu
Collen,Tyson,1,Collen.Tyson@essca.eu
Maurene,Dituri,16,Maurene.Dituri@essca.eu
Barbi,Neva,20,Barbi.Neva@essca.eu
Natka,Tamsky,2,Natka.Tamsky@essca.eu
Theodora,Cristi,6,Theodora.Cristi@essca.eu
Dulcinea,Ricki,9,Dulcinea.Ricki@essca.eu
Carilyn,Kosey,16,Carilyn.Kosey@essca.eu
Olivette,Clara,5,Olivette.Clara@essca.eu
Jere,Parsaye,4,Jere.Parsaye@essca.eu
Tera,Eliathas,9,Tera.Eliathas@essca.eu
Christy,Amethist,12,Christy.Amethist@essca.eu
Sallie,Wittie,7,Sallie.Wittie@essca.eu
Wendi,Morehouse,7,Wendi.Morehouse@essca.eu
Pamella,Magdalen,3,Pamella.Magdalen@essca.eu
Livvyy,Abram,15,Livvyy.Abram@essca.eu
Leona,Warthman,13,Leona.Warthman@essca.eu
Letizia,Suanne,9,Letizia.Suanne@essca.eu
Codie,Cavan,16,Codie.Cavan@essca.eu
Fidelia,Mike,8,Fidelia.Mike@essca.eu
Grier,Carri,17,Grier.Carri@essca.eu
Frances,Himelman,2,Frances.Himelman@essca.eu
Pearline,Dudley,14,Pearline.Dudley@essca.eu
Brana,Mike,8,Brana.Mike@essca.eu
Genevra,Vins,3,Genevra.Vins@essca.eu
Vere,Johnsson,8,Vere.Johnsson@essca.eu
Margarette,Bouchard,3,Margarette.Bouchard@essca.eu
Adore,Maroney,8,Adore.Maroney@essca.eu
Cam,Chick,10,Cam.Chick@essca.eu
Delilah,Chaing,5,Delilah.Chaing@essca.eu
Candi,Wilkinson,7,Candi.Wilkinson@essca.eu
Antonietta,Land,6,Antonietta.Land@essca.eu
Lita,Klemperer,15,Lita.Klemperer@essca.eu
Christal,Frodi,7,Christal.Frodi@essca.eu
Gilda,Truc,14,Gilda.Truc@essca.eu
Lanae,Wittie,4,Lanae.Wittie@essca.eu
Meghann,Sherfield,7,Meghann.Sherfield@essca.eu
Andeee,Lytton,1,Andeee.Lytton@essca.eu
Florie,Serilda,1,Florie.Serilda@essca.eu
Amii,Gregrory,14,Amii.Gregrory@essca.eu
Esmeralda,Burnside,1,Esmeralda.Burnside@essca.eu
Odessa,Presber,5,Odessa.Presber@essca.eu
Sherrie,Nunci,14,Sherrie.Nunci@essca.eu
Gavrielle,Kare,9,Gavrielle.Kare@essca.eu
Sindee,Girardo,3,Sindee.Girardo@essca.eu
Aigneis,Jacobah,15,Aigneis.Jacobah@essca.eu
Hannis,Carey,1,Hannis.Carey@essca.eu
Lynnea,Audly,12,Lynnea.Audly@essca.eu
Georgina,Blake,16,Georgina.Blake@essca.eu
Danika,Shanley,12,Danika.Shanley@essca.eu
Dianemarie,Rosalba,19,Dianemarie.Rosalba@essca.eu
Tomasina,Elvyn,16,Tomasina.Elvyn@essca.eu
Dyann,Voletta,20,Dyann.Voletta@essca.eu
Tami,Sherrie,6,Tami.Sherrie@essca.eu
Lilith,Juan,14,Lilith.Juan@essca.eu
Gisela,Plato,8,Gisela.Plato@essca.eu
Doralynne,Urania,9,Doralynne.Urania@essca.eu
Gertrud,Bow,2,Gertrud.Bow@essca.eu
Edyth,Riordan,13,Edyth.Riordan@essca.eu
Nessie,Lytton,8,Nessie.Lytton@essca.eu
Merci,Brittani,12,Merci.Brittani@essca.eu
Kalina,Yorick,10,Kalina.Yorick@essca.eu
Lynde,Leonard,4,Lynde.Leonard@essca.eu
Belva,Keelia,12,Belva.Keelia@essca.eu
Wileen,Middleton,4,Wileen.Middleton@essca.eu
Zaria,Cutlerr,10,Zaria.Cutlerr@essca.eu
Valli,Ralfston,17,Valli.Ralfston@essca.eu
Kaia,Eachern,6,Kaia.Eachern@essca.eu
Cassandra,Edison,3,Cassandra.Edison@essca.eu
Ermengarde,Christal,5,Ermengarde.Christal@essca.eu
Tamqrah,Sibyls,17,Tamqrah.Sibyls@essca.eu
Sherrie,Emmaline,10,Sherrie.Emmaline@essca.eu
Brianna,Hurley,5,Brianna.Hurley@essca.eu
Valera,Rustice,16,Valera.Rustice@essca.eu
Mildrid,Bahr,12,Mildrid.Bahr@essca.eu
Aaren,Shanley,2,Aaren.Shanley@essca.eu
Mellicent,Kamaria,13,Mellicent.Kamaria@essca.eu
Audrie,Peg,17,Audrie.Peg@essca.eu
Natka,Nicoline,14,Natka.Nicoline@essca.eu
Malina,Sigfrid,5,Malina.Sigfrid@essca.eu
Jsandye,Othilia,16,Jsandye.Othilia@essca.eu
Randa,Milson,5,Randa.Milson@essca.eu
Roxane,Cullin,7,Roxane.Cullin@essca.eu
Gloria,Screens,18,Gloria.Screens@essca.eu
Augustine,Aprile,17,Augustine.Aprile@essca.eu
Averyl,Stefa,12,Averyl.Stefa@essca.eu
Mariele,Caitlin,3,Mariele.Caitlin@essca.eu
Dawn,Middleton,7,Dawn.Middleton@essca.eu
Lynde,Bandeen,3,Lynde.Bandeen@essca.eu
Joane,Fennessy,7,Joane.Fennessy@essca.eu
Margarette,Autrey,8,Margarette.Autrey@essca.eu
Fanchon,McCutcheon,20,Fanchon.McCutcheon@essca.eu
Ketti,Felizio,15,Ketti.Felizio@essca.eu
Aimil,Yate,16,Aimil.Yate@essca.eu
Dode,Oscar,4,Dode.Oscar@essca.eu
Malina,Alarise,20,Malina.Alarise@essca.eu
Abbie,Arvo,19,Abbie.Arvo@essca.eu
Jessamyn,Tice,6,Jessamyn.Tice@essca.eu
Donnie,Manolo,19,Donnie.Manolo@essca.eu
Caryl,Anestassia,19,Caryl.Anestassia@essca.eu
Lorie,Sidonius,2,Lorie.Sidonius@essca.eu
Sibella,Marlie,20,Sibella.Marlie@essca.eu
Verla,Pattin,11,Verla.Pattin@essca.eu
Julieta,Fry,1,Julieta.Fry@essca.eu
Bibby,Darian,6,Bibby.Darian@essca.eu
Giustina,Vivle,3,Giustina.Vivle@essca.eu
Georgetta,Bates,18,Georgetta.Bates@essca.eu
Eugine,Wenda,20,Eugine.Wenda@essca.eu
Correy,Strephon,9,Correy.Strephon@essca.eu
Angelique,Fairweather,16,Angelique.Fairweather@essca.eu
Hettie,Connelly,2,Hettie.Connelly@essca.eu
Corry,Gaal,19,Corry.Gaal@essca.eu
Betta,Letsou,18,Betta.Letsou@essca.eu
Ingrid,Publia,2,Ingrid.Publia@essca.eu
Gavrielle,Henrie,1,Gavrielle.Henrie@essca.eu
Alejandra,Alisia,8,Alejandra.Alisia@essca.eu
Liana,Gower,9,Liana.Gower@essca.eu
Allis,Lalitta,17,Allis.Lalitta@essca.eu
Bertine,Zetta,13,Bertine.Zetta@essca.eu
Georgetta,Ogren,17,Georgetta.Ogren@essca.eu
Zaria,Riva,20,Zaria.Riva@essca.eu
Xylina,Gordon,5,Xylina.Gordon@essca.eu
Beverley,Marden,15,Beverley.Marden@essca.eu
Heddie,Stover,3,Heddie.Stover@essca.eu
Raina,Clywd,1,Raina.Clywd@essca.eu
Damaris,Zamora,6,Damaris.Zamora@essca.eu
Janeczka,Kendrick,19,Janeczka.Kendrick@essca.eu
Jenilee,Norvol,8,Jenilee.Norvol@essca.eu
Atlanta,Kaete,14,Atlanta.Kaete@essca.eu
Meriel,Zuzana,11,Meriel.Zuzana@essca.eu
Olwen,Randene,12,Olwen.Randene@essca.eu
Ermengarde,Iaverne,12,Ermengarde.Iaverne@essca.eu
Sue,Estella,8,Sue.Estella@essca.eu
Tybie,Zitvaa,8,Tybie.Zitvaa@essca.eu
Carmela,Wadell,1,Carmela.Wadell@essca.eu
Orelia,Abernon,20,Orelia.Abernon@essca.eu
Dede,Francene,9,Dede.Francene@essca.eu
Selia,Ietta,8,Selia.Ietta@essca.eu
Dione,Land,1,Dione.Land@essca.eu
Kalina,Kathie,3,Kalina.Kathie@essca.eu
Melisent,Gilmour,9,Melisent.Gilmour@essca.eu
Agnese,Raffo,9,Agnese.Raffo@essca.eu
Marika,Warthman,7,Marika.Warthman@essca.eu
Lenna,Schlosser,9,Lenna.Schlosser@essca.eu
Micheline,Melleta,14,Micheline.Melleta@essca.eu
Viki,Poll,13,Viki.Poll@essca.eu
Berget,Carolin,1,Berget.Carolin@essca.eu
Penelopa,Roumell,9,Penelopa.Roumell@essca.eu
Margalo,Erlandson,11,Margalo.Erlandson@essca.eu
Molli,Sprage,8,Molli.Sprage@essca.eu
Candy,Lane,14,Candy.Lane@essca.eu
Kary,Stephie,10,Kary.Stephie@essca.eu
Rochette,Lilas,7,Rochette.Lilas@essca.eu
Rivalee,Gert,16,Rivalee.Gert@essca.eu
Correy,Tomasina,1,Correy.Tomasina@essca.eu
Albertina,Adrienne,19,Albertina.Adrienne@essca.eu
Renae,Deegan,19,Renae.Deegan@essca.eu
Louella,Madaih,5,Louella.Madaih@essca.eu
Peri,Decato,2,Peri.Decato@essca.eu
Mara,Darrell,14,Mara.Darrell@essca.eu
Oralee,Erb,6,Oralee.Erb@essca.eu
Sallie,Jacinda,13,Sallie.Jacinda@essca.eu
Ashlee,Alejoa,3,Ashlee.Alejoa@essca.eu
Heddie,Sabella,4,Heddie.Sabella@essca.eu
Bibby,O'Rourke,19,Bibby.O'Rourke@essca.eu
Andeee,Leopold,18,Andeee.Leopold@essca.eu
Aurore,Narton,2,Aurore.Narton@essca.eu
Gratia,Sprage,16,Gratia.Sprage@essca.eu
Fina,Gusella,15,Fina.Gusella@essca.eu
Melina,Krystle,4,Melina.Krystle@essca.eu
Desirae,Solitta,8,Desirae.Solitta@essca.eu
Raf,Rudolph,8,Raf.Rudolph@essca.eu
Aryn,Belanger,8,Aryn.Belanger@essca.eu
Berget,Haerr,15,Berget.Haerr@essca.eu
Rosaline,Flyn,18,Rosaline.Flyn@essca.eu
Grier,Dermott,4,Grier.Dermott@essca.eu
Nariko,Avi,6,Nariko.Avi@essca.eu
Charlena,Silvan,3,Charlena.Silvan@essca.eu
Raquela,Tillford,17,Raquela.Tillford@essca.eu
Althea,Hoban,8,Althea.Hoban@essca.eu
Lelah,Prober,20,Lelah.Prober@essca.eu
Sadie,Susannah,3,Sadie.Susannah@essca.eu
Antonietta,Grimbly,11,Antonietta.Grimbly@essca.eu
Ardenia,Heisel,3,Ardenia.Heisel@essca.eu
Korrie,Gillan,14,Korrie.Gillan@essca.eu
Queenie,Minetta,12,Queenie.Minetta@essca.eu
Nananne,Hollingsworth,13,Nananne.Hollingsworth@essca.eu
Gui,Merat,3,Gui.Merat@essca.eu
Krystle,Juan,9,Krystle.Juan@essca.eu
Antonietta,Bouchard,1,Antonietta.Bouchard@essca.eu
Molli,Ardeha,17,Molli.Ardeha@essca.eu
Lauryn,Oscar,15,Lauryn.Oscar@essca.eu
Latisha,Zitvaa,18,Latisha.Zitvaa@essca.eu
Rani,Afton,9,Rani.Afton@essca.eu
Oona,Fiann,5,Oona.Fiann@essca.eu
Ira,Sawtelle,13,Ira.Sawtelle@essca.eu
Leia,Kenwood,18,Leia.Kenwood@essca.eu
Aubrie,Tristram,18,Aubrie.Tristram@essca.eu
Alisha,Sigfrid,9,Alisha.Sigfrid@essca.eu
Dione,Soneson,6,Dione.Soneson@essca.eu
Kristina,Dowski,5,Kristina.Dowski@essca.eu
Ashlee,Schroth,2,Ashlee.Schroth@essca.eu
Lynde,Bari,5,Lynde.Bari@essca.eu
Valli,Cleavland,6,Valli.Cleavland@essca.eu
Chandra,Bryna,14,Chandra.Bryna@essca.eu
Pierette,Wesle,13,Pierette.Wesle@essca.eu
Frances,Romelda,18,Frances.Romelda@essca.eu
Di,Kirstin,17,Di.Kirstin@essca.eu
Feliza,Susannah,16,Feliza.Susannah@essca.eu
Ursulina,Urania,5,Ursulina.Urania@essca.eu
Jeanna,Melan,20,Jeanna.Melan@essca.eu
Cassandra,Middleton,4,Cassandra.Middleton@essca.eu
Ricky,Phaidra,12,Ricky.Phaidra@essca.eu
Marsiella,Cecile,4,Marsiella.Cecile@essca.eu
Barbara,Campball,19,Barbara.Campball@essca.eu
Lenna,Taima,15,Lenna.Taima@essca.eu
Vita,Cosenza,4,Vita.Cosenza@essca.eu
Rori,Gale,6,Rori.Gale@essca.eu
Britte,Thomasina,19,Britte.Thomasina@essca.eu
Rosene,Flyn,18,Rosene.Flyn@essca.eu
Pierette,Etom,3,Pierette.Etom@essca.eu
Correy,Warthman,9,Correy.Warthman@essca.eu
Larine,Carri,6,Larine.Carri@essca.eu
Cyb,Vharat,18,Cyb.Vharat@essca.eu
Fanchon,Neils,2,Fanchon.Neils@essca.eu
Marguerite,Wildermuth,8,Marguerite.Wildermuth@essca.eu
Renae,Maiah,3,Renae.Maiah@essca.eu
Charissa,Edmund,17,Charissa.Edmund@essca.eu
Neila,Standing,5,Neila.Standing@essca.eu
Elfreda,Mullane,8,Elfreda.Mullane@essca.eu
Doralynne,Buttaro,5,Doralynne.Buttaro@essca.eu
Lonnie,Decato,6,Lonnie.Decato@essca.eu
Sarette,Yorick,6,Sarette.Yorick@essca.eu
Berget,Alfons,11,Berget.Alfons@essca.eu
Cassondra,Pozzy,15,Cassondra.Pozzy@essca.eu
Elbertina,Harl,15,Elbertina.Harl@essca.eu
Winny,Dreda,2,Winny.Dreda@essca.eu
Keelia,Gerge,6,Keelia.Gerge@essca.eu
Dotty,Hutchison,20,Dotty.Hutchison@essca.eu
Alexine,Keelia,14,Alexine.Keelia@essca.eu
Melodie,Yuille,8,Melodie.Yuille@essca.eu
Ermengarde,Krystle,12,Ermengarde.Krystle@essca.eu
Belva,Ulphia,5,Belva.Ulphia@essca.eu
Ginnie,Zeeba,8,Ginnie.Zeeba@essca.eu
Meriel,Cyrie,18,Meriel.Cyrie@essca.eu
Marline,Rillings,15,Marline.Rillings@essca.eu
Lacie,Marisa,12,Lacie.Marisa@essca.eu
Wanda,Elvyn,5,Wanda.Elvyn@essca.eu
Bee,Thar,4,Bee.Thar@essca.eu
Vevay,Bouchard,16,Vevay.Bouchard@essca.eu
Janeczka,Allys,14,Janeczka.Allys@essca.eu
Ricky,Narton,6,Ricky.Narton@essca.eu
Nelle,Croix,12,Nelle.Croix@essca.eu
Marline,Decato,14,Marline.Decato@essca.eu
Patricia,Dimitris,12,Patricia.Dimitris@essca.eu
Jacenta,Mike,7,Jacenta.Mike@essca.eu
Ardeen,Artie,3,Ardeen.Artie@essca.eu
Nollie,Nance,16,Nollie.Nance@essca.eu
Shell,Nickola,19,Shell.Nickola@essca.eu
Ilse,Warthman,18,Ilse.Warthman@essca.eu
Kirstin,Kat,17,Kirstin.Kat@essca.eu
Tori,Nelsen,15,Tori.Nelsen@essca.eu
Brooks,Demitria,16,Brooks.Demitria@essca.eu
Melodie,Croix,2,Melodie.Croix@essca.eu
Jenilee,Bendick,4,Jenilee.Bendick@essca.eu
Ashlee,Neils,20,Ashlee.Neils@essca.eu
Charmaine,Gillan,3,Charmaine.Gillan@essca.eu
Dode,Kalinda,15,Dode.Kalinda@essca.eu
Verla,Keily,13,Verla.Keily@essca.eu
Danny,Charity,12,Danny.Charity@essca.eu
Calla,Atcliffe,5,Calla.Atcliffe@essca.eu
Annabela,Gwenore,12,Annabela.Gwenore@essca.eu
Mireielle,Bartlett,19,Mireielle.Bartlett@essca.eu
Karena,Chick,2,Karena.Chick@essca.eu
Oralee,Mullane,8,Oralee.Mullane@essca.eu
Kittie,Melan,16,Kittie.Melan@essca.eu
Fernande,Hedve,16,Fernande.Hedve@essca.eu
Hyacinthe,Hachmin,15,Hyacinthe.Hachmin@essca.eu
Max,Durware,16,Max.Durware@essca.eu
Penelopa,Federica,2,Penelopa.Federica@essca.eu
Brynna,Richers,5,Brynna.Richers@essca.eu
Keelia,Skell,7,Keelia.Skell@essca.eu
Riannon,Chick,6,Riannon.Chick@essca.eu
Wilma,Darrell,13,Wilma.Darrell@essca.eu
Aaren,Ambrosia,20,Aaren.Ambrosia@essca.eu
Gaylene,Ahab,20,Gaylene.Ahab@essca.eu
Ekaterina,Tyson,16,Ekaterina.Tyson@essca.eu
Violet,Mich,19,Violet.Mich@essca.eu
Sara-Ann,Solitta,16,Sara-Ann.Solitta@essca.eu
Ginnie,Terrence,17,Ginnie.Terrence@essca.eu
Fidelia,Ralfston,12,Fidelia.Ralfston@essca.eu
Lonnie,Mandler,5,Lonnie.Mandler@essca.eu
Sashenka,Nore,4,Sashenka.Nore@essca.eu
Arlina,Kalinda,10,Arlina.Kalinda@essca.eu
Arabel,Stanwood,20,Arabel.Stanwood@essca.eu
Sharlene,Gwenore,19,Sharlene.Gwenore@essca.eu
Merci,Afton,7,Merci.Afton@essca.eu
Heida,Birdella,20,Heida.Birdella@essca.eu
Cindelyn,Loeb,9,Cindelyn.Loeb@essca.eu
Silvana,Lemuela,2,Silvana.Lemuela@essca.eu
Renae,Morrill,15,Renae.Morrill@essca.eu
Berta,Felecia,14,Berta.Felecia@essca.eu
Kathy,Fitzsimmons,12,Kathy.Fitzsimmons@essca.eu
Juliane,Florina,2,Juliane.Florina@essca.eu
Tressa,Florina,7,Tressa.Florina@essca.eu
Harrietta,Keily,2,Harrietta.Keily@essca.eu
Celestyna,Carri,3,Celestyna.Carri@essca.eu
Flo,Anderea,18,Flo.Anderea@essca.eu
Mady,Fabiola,14,Mady.Fabiola@essca.eu
Ana,Stav,4,Ana.Stav@essca.eu
Stevana,Sibyls,12,Stevana.Sibyls@essca.eu
Jemie,Bates,11,Jemie.Bates@essca.eu
Bertine,Bates,12,Bertine.Bates@essca.eu
Millie,Orpah,4,Millie.Orpah@essca.eu
Sara-Ann,Hurley,12,Sara-Ann.Hurley@essca.eu
Cristabel,Merriott,11,Cristabel.Merriott@essca.eu
Priscilla,Bivins,11,Priscilla.Bivins@essca.eu
Margalo,Tybald,16,Margalo.Tybald@essca.eu
Tomasina,Velick,10,Tomasina.Velick@essca.eu
Hildegaard,Yusuk,12,Hildegaard.Yusuk@essca.eu
Fernande,Newell,4,Fernande.Newell@essca.eu
Veda,Fredi,5,Veda.Fredi@essca.eu
Aurelie,Gordon,6,Aurelie.Gordon@essca.eu
Riannon,Dichy,18,Riannon.Dichy@essca.eu
Andree,Lia,11,Andree.Lia@essca.eu
Alia,Creamer,19,Alia.Creamer@essca.eu
Renae,Allys,10,Renae.Allys@essca.eu
Aeriela,Hedve,16,Aeriela.Hedve@essca.eu
Romona,Xerxes,13,Romona.Xerxes@essca.eu
Celestyna,Aida,11,Celestyna.Aida@essca.eu
Stephanie,Tybald,16,Stephanie.Tybald@essca.eu
Nananne,Pond,18,Nananne.Pond@essca.eu
Genovera,Grosz,15,Genovera.Grosz@essca.eu